Ano;Produção (ton);Área Plantada (ha);Produtividade (kg/ha);Fonte;Produtividade Calculada;Variação Produtividade (%);Densidade de Produção (ton/ha)
2022.0;48795.0;7055.0;6916.0;IBGE;6916.371367824238;;6.9163713678242384
2023.0;46175.5;7026.1;6572.0;CONAB;6571.995844067121;-4.979135813313795;6.5719958440671205
2024.0;46779.0;7099.0;659.0;MAPA;6589.519650655022;0.2666436042213949;6.5895196506550215
2025.0;46438.501939384434;7060.033333333333;;Simulada;6692.628954182127;-2.3562461045462;6.692628954182126
